'Is the device for driver connected?'			'0 - On Windows'			False
'Is the device for driver connected?'			'0 - On Windows 1 - Open Start and type in device manager.\nOpen Start and type in device manager. This will search your computer for the "Device Manager" program, which allows you to reset hardware on your computer.\n- If your keyboard won\'t let you type correctly, scroll down to the Windows System folder and click it, click Control Panel, click the "View by" option and then select Large Icons if you\'re in Category view, and find Device Manager.\n- ;'			False
'Is the device for driver connected?'			'0 - On Windows 1 - Open Start and type in device manager.\nOpen Start and type in device manager. This will search your computer for the "Device Manager" program, which allows you to reset hardware on your computer.\n- If your keyboard won\'t let you type correctly, scroll down to the Windows System folder and click it, click Control Panel, click the "View by" option and then select Large Icons if you\'re in Category view, and find Device Manager.\n- ; 2 - Click  Device Manager.\nClick  Device Manager. It\'s at the top of the Start window.'			False
'Is the device for driver connected?'			'0 - On Windows 1 - Open Start and type in device manager.\nOpen Start and type in device manager. This will search your computer for the "Device Manager" program, which allows you to reset hardware on your computer.\n- If your keyboard won\'t let you type correctly, scroll down to the Windows System folder and click it, click Control Panel, click the "View by" option and then select Large Icons if you\'re in Category view, and find Device Manager.\n- ; 2 - Click  Device Manager.\nClick  Device Manager. It\'s at the top of the Start window. 3 - Scroll down and expand Keyboard.\nScroll down and expand Keyboard. Click the  icon to the left of the Keyboard heading. A drop-down list of your currently connected keyboards will appear.'			False
'Is the device for driver connected?'			'0 - On Windows 1 - Open Start and type in device manager.\nOpen Start and type in device manager. This will search your computer for the "Device Manager" program, which allows you to reset hardware on your computer.\n- If your keyboard won\'t let you type correctly, scroll down to the Windows System folder and click it, click Control Panel, click the "View by" option and then select Large Icons if you\'re in Category view, and find Device Manager.\n- ; 2 - Click  Device Manager.\nClick  Device Manager. It\'s at the top of the Start window. 3 - Scroll down and expand Keyboard.\nScroll down and expand Keyboard. Click the  icon to the left of the Keyboard heading. A drop-down list of your currently connected keyboards will appear. 4 - Select the keyboard that you want to reset.\nSelect the keyboard that you want to reset. Click on a keyboard\'s name to select it.\n- If you\'re trying to reset an external keyboard (e.g., a wireless one), you can select it here.'			False
'Is the device for driver connected?'			'0 - On Windows 1 - Open Start and type in device manager.\nOpen Start and type in device manager. This will search your computer for the "Device Manager" program, which allows you to reset hardware on your computer.\n- If your keyboard won\'t let you type correctly, scroll down to the Windows System folder and click it, click Control Panel, click the "View by" option and then select Large Icons if you\'re in Category view, and find Device Manager.\n- ; 2 - Click  Device Manager.\nClick  Device Manager. It\'s at the top of the Start window. 3 - Scroll down and expand Keyboard.\nScroll down and expand Keyboard. Click the  icon to the left of the Keyboard heading. A drop-down list of your currently connected keyboards will appear. 4 - Select the keyboard that you want to reset.\nSelect the keyboard that you want to reset. Click on a keyboard\'s name to select it.\n- If you\'re trying to reset an external keyboard (e.g., a wireless one), you can select it here. 5 - Click the "Uninstall" icon.\nClick the "Uninstall" icon. This icon resembles a red "X" at the top of the window.'			False
'Is the device for driver connected?'			'0 - On Windows 1 - Open Start and type in device manager.\nOpen Start and type in device manager. This will search your computer for the "Device Manager" program, which allows you to reset hardware on your computer.\n- If your keyboard won\'t let you type correctly, scroll down to the Windows System folder and click it, click Control Panel, click the "View by" option and then select Large Icons if you\'re in Category view, and find Device Manager.\n- ; 2 - Click  Device Manager.\nClick  Device Manager. It\'s at the top of the Start window. 3 - Scroll down and expand Keyboard.\nScroll down and expand Keyboard. Click the  icon to the left of the Keyboard heading. A drop-down list of your currently connected keyboards will appear. 4 - Select the keyboard that you want to reset.\nSelect the keyboard that you want to reset. Click on a keyboard\'s name to select it.\n- If you\'re trying to reset an external keyboard (e.g., a wireless one), you can select it here. 5 - Click the "Uninstall" icon.\nClick the "Uninstall" icon. This icon resembles a red "X" at the top of the window. 6 - Click OK when prompted.\nClick OK when prompted. Doing so removes the keyboard from the Device Manager.'			False
'Is the device for driver connected?'			'0 - On Windows 1 - Open Start and type in device manager.\nOpen Start and type in device manager. This will search your computer for the "Device Manager" program, which allows you to reset hardware on your computer.\n- If your keyboard won\'t let you type correctly, scroll down to the Windows System folder and click it, click Control Panel, click the "View by" option and then select Large Icons if you\'re in Category view, and find Device Manager.\n- ; 2 - Click  Device Manager.\nClick  Device Manager. It\'s at the top of the Start window. 3 - Scroll down and expand Keyboard.\nScroll down and expand Keyboard. Click the  icon to the left of the Keyboard heading. A drop-down list of your currently connected keyboards will appear. 4 - Select the keyboard that you want to reset.\nSelect the keyboard that you want to reset. Click on a keyboard\'s name to select it.\n- If you\'re trying to reset an external keyboard (e.g., a wireless one), you can select it here. 5 - Click the "Uninstall" icon.\nClick the "Uninstall" icon. This icon resembles a red "X" at the top of the window. 6 - Click OK when prompted.\nClick OK when prompted. Doing so removes the keyboard from the Device Manager. 7 - Click the "Search for updates" button.\nClick the "Search for updates" button. It resembles a computer monitor in the upper-right side of the Device Manager window. Clicking this will prompt the keyboard to reappear in Device Manager.'			False
'Is the device for driver connected?'			'0 - On Windows 1 - Open Start and type in device manager.\nOpen Start and type in device manager. This will search your computer for the "Device Manager" program, which allows you to reset hardware on your computer.\n- If your keyboard won\'t let you type correctly, scroll down to the Windows System folder and click it, click Control Panel, click the "View by" option and then select Large Icons if you\'re in Category view, and find Device Manager.\n- ; 2 - Click  Device Manager.\nClick  Device Manager. It\'s at the top of the Start window. 3 - Scroll down and expand Keyboard.\nScroll down and expand Keyboard. Click the  icon to the left of the Keyboard heading. A drop-down list of your currently connected keyboards will appear. 4 - Select the keyboard that you want to reset.\nSelect the keyboard that you want to reset. Click on a keyboard\'s name to select it.\n- If you\'re trying to reset an external keyboard (e.g., a wireless one), you can select it here. 5 - Click the "Uninstall" icon.\nClick the "Uninstall" icon. This icon resembles a red "X" at the top of the window. 6 - Click OK when prompted.\nClick OK when prompted. Doing so removes the keyboard from the Device Manager. 7 - Click the "Search for updates" button.\nClick the "Search for updates" button. It resembles a computer monitor in the upper-right side of the Device Manager window. Clicking this will prompt the keyboard to reappear in Device Manager. 8 - Select the keyboard again.\nSelect the keyboard again. Click the keyboard\'s name.'			False
'Is the device for driver connected?'			'0 - On Windows 1 - Open Start and type in device manager.\nOpen Start and type in device manager. This will search your computer for the "Device Manager" program, which allows you to reset hardware on your computer.\n- If your keyboard won\'t let you type correctly, scroll down to the Windows System folder and click it, click Control Panel, click the "View by" option and then select Large Icons if you\'re in Category view, and find Device Manager.\n- ; 2 - Click  Device Manager.\nClick  Device Manager. It\'s at the top of the Start window. 3 - Scroll down and expand Keyboard.\nScroll down and expand Keyboard. Click the  icon to the left of the Keyboard heading. A drop-down list of your currently connected keyboards will appear. 4 - Select the keyboard that you want to reset.\nSelect the keyboard that you want to reset. Click on a keyboard\'s name to select it.\n- If you\'re trying to reset an external keyboard (e.g., a wireless one), you can select it here. 5 - Click the "Uninstall" icon.\nClick the "Uninstall" icon. This icon resembles a red "X" at the top of the window. 6 - Click OK when prompted.\nClick OK when prompted. Doing so removes the keyboard from the Device Manager. 7 - Click the "Search for updates" button.\nClick the "Search for updates" button. It resembles a computer monitor in the upper-right side of the Device Manager window. Clicking this will prompt the keyboard to reappear in Device Manager. 8 - Select the keyboard again.\nSelect the keyboard again. Click the keyboard\'s name. 9 - Click the "Update drivers" button.\nClick the "Update drivers" button. This option is at the top of the window, and resembles a black box with a green arrow facing upward.'			False
'Is the device for driver connected?'			'0 - On Windows 1 - Open Start and type in device manager.\nOpen Start and type in device manager. This will search your computer for the "Device Manager" program, which allows you to reset hardware on your computer.\n- If your keyboard won\'t let you type correctly, scroll down to the Windows System folder and click it, click Control Panel, click the "View by" option and then select Large Icons if you\'re in Category view, and find Device Manager.\n- ; 2 - Click  Device Manager.\nClick  Device Manager. It\'s at the top of the Start window. 3 - Scroll down and expand Keyboard.\nScroll down and expand Keyboard. Click the  icon to the left of the Keyboard heading. A drop-down list of your currently connected keyboards will appear. 4 - Select the keyboard that you want to reset.\nSelect the keyboard that you want to reset. Click on a keyboard\'s name to select it.\n- If you\'re trying to reset an external keyboard (e.g., a wireless one), you can select it here. 5 - Click the "Uninstall" icon.\nClick the "Uninstall" icon. This icon resembles a red "X" at the top of the window. 6 - Click OK when prompted.\nClick OK when prompted. Doing so removes the keyboard from the Device Manager. 7 - Click the "Search for updates" button.\nClick the "Search for updates" button. It resembles a computer monitor in the upper-right side of the Device Manager window. Clicking this will prompt the keyboard to reappear in Device Manager. 8 - Select the keyboard again.\nSelect the keyboard again. Click the keyboard\'s name. 9 - Click the "Update drivers" button.\nClick the "Update drivers" button. This option is at the top of the window, and resembles a black box with a green arrow facing upward. 10 - Click Search automatically for updated driver software.\nClick Search automatically for updated driver software. It\'s the top option in the pop-up window. This will prompt Windows to begin searching for the most recent software updates for your keyboard.'			False
'Is the device for driver connected?'			'0 - On Windows 1 - Open Start and type in device manager.\nOpen Start and type in device manager. This will search your computer for the "Device Manager" program, which allows you to reset hardware on your computer.\n- If your keyboard won\'t let you type correctly, scroll down to the Windows System folder and click it, click Control Panel, click the "View by" option and then select Large Icons if you\'re in Category view, and find Device Manager.\n- ; 2 - Click  Device Manager.\nClick  Device Manager. It\'s at the top of the Start window. 3 - Scroll down and expand Keyboard.\nScroll down and expand Keyboard. Click the  icon to the left of the Keyboard heading. A drop-down list of your currently connected keyboards will appear. 4 - Select the keyboard that you want to reset.\nSelect the keyboard that you want to reset. Click on a keyboard\'s name to select it.\n- If you\'re trying to reset an external keyboard (e.g., a wireless one), you can select it here. 5 - Click the "Uninstall" icon.\nClick the "Uninstall" icon. This icon resembles a red "X" at the top of the window. 6 - Click OK when prompted.\nClick OK when prompted. Doing so removes the keyboard from the Device Manager. 7 - Click the "Search for updates" button.\nClick the "Search for updates" button. It resembles a computer monitor in the upper-right side of the Device Manager window. Clicking this will prompt the keyboard to reappear in Device Manager. 8 - Select the keyboard again.\nSelect the keyboard again. Click the keyboard\'s name. 9 - Click the "Update drivers" button.\nClick the "Update drivers" button. This option is at the top of the window, and resembles a black box with a green arrow facing upward. 10 - Click Search automatically for updated driver software.\nClick Search automatically for updated driver software. It\'s the top option in the pop-up window. This will prompt Windows to begin searching for the most recent software updates for your keyboard. 11 - Allow the newest drivers to install.\nAllow the newest drivers to install. If there are any drivers available for your keyboard they will install automatically.\n- If there aren\'t any new drivers, click Close in the bottom-right corner of the window when prompted.'			True
'Is the device for driver connected?'			'0 - On Windows 1 - Open Start and type in device manager.\nOpen Start and type in device manager. This will search your computer for the "Device Manager" program, which allows you to reset hardware on your computer.\n- If your keyboard won\'t let you type correctly, scroll down to the Windows System folder and click it, click Control Panel, click the "View by" option and then select Large Icons if you\'re in Category view, and find Device Manager.\n- ; 2 - Click  Device Manager.\nClick  Device Manager. It\'s at the top of the Start window. 3 - Scroll down and expand Keyboard.\nScroll down and expand Keyboard. Click the  icon to the left of the Keyboard heading. A drop-down list of your currently connected keyboards will appear. 4 - Select the keyboard that you want to reset.\nSelect the keyboard that you want to reset. Click on a keyboard\'s name to select it.\n- If you\'re trying to reset an external keyboard (e.g., a wireless one), you can select it here. 5 - Click the "Uninstall" icon.\nClick the "Uninstall" icon. This icon resembles a red "X" at the top of the window. 6 - Click OK when prompted.\nClick OK when prompted. Doing so removes the keyboard from the Device Manager. 7 - Click the "Search for updates" button.\nClick the "Search for updates" button. It resembles a computer monitor in the upper-right side of the Device Manager window. Clicking this will prompt the keyboard to reappear in Device Manager. 8 - Select the keyboard again.\nSelect the keyboard again. Click the keyboard\'s name. 9 - Click the "Update drivers" button.\nClick the "Update drivers" button. This option is at the top of the window, and resembles a black box with a green arrow facing upward. 10 - Click Search automatically for updated driver software.\nClick Search automatically for updated driver software. It\'s the top option in the pop-up window. This will prompt Windows to begin searching for the most recent software updates for your keyboard. 11 - Allow the newest drivers to install.\nAllow the newest drivers to install. If there are any drivers available for your keyboard they will install automatically.\n- If there aren\'t any new drivers, click Close in the bottom-right corner of the window when prompted. 12 - Restart your computer.\nRestart your computer. Open Start and click Power , then click Restart. Once your computer finishes restarting, your keyboard should be fully reset.'			True
"Is the device for keyboard 's driver connected?"			'0 - Fixing Hardware and Software Issues'			False
"Is the device for keyboard 's driver connected?"			"0 - Fixing Hardware and Software Issues 1 - Make sure that the keyboard is plugged in properly.\nMake sure that the keyboard is plugged in properly. To avoid software issues, your keyboard should be plugged directly into your computer rather than into a USB hub.[4]\n- X\n- Research source\n- \n- If your keyboard uses batteries, make sure it's charged (or replace the batteries with fresh ones)."			False
"Is the device for keyboard 's driver connected?"			"0 - Fixing Hardware and Software Issues 1 - Make sure that the keyboard is plugged in properly.\nMake sure that the keyboard is plugged in properly. To avoid software issues, your keyboard should be plugged directly into your computer rather than into a USB hub.[4]\n- X\n- Research source\n- \n- If your keyboard uses batteries, make sure it's charged (or replace the batteries with fresh ones). 2 - Update your keyboard's drivers\nUpdate your keyboard's drivers. Most of the time, keyboard issues can be tied to out-of-date drivers or software. You can fix the keyboard by updating the driver or software. The easiest way to ensure your drivers are up to date is by using your computer's update utility:\n- \n- Windows — Open Start, click the Settings gear, click Update & Security, click Windows Update, click Check for updates, and install any available updates.\n- Mac — Open the Apple menu, click App Store..., click the Updates tab, and click UPDATE ALL if it's available.\n- If you have a mechanical keyboard, another way you can update your keyboard's drivers is by going to the keyboard manufacturer's website, finding your model of keyboard, and looking for a driver download. You can then download the keyboard's driver file and double-click it to run it."			True
"Is the device for keyboard 's driver connected?"			"0 - Fixing Hardware and Software Issues 1 - Make sure that the keyboard is plugged in properly.\nMake sure that the keyboard is plugged in properly. To avoid software issues, your keyboard should be plugged directly into your computer rather than into a USB hub.[4]\n- X\n- Research source\n- \n- If your keyboard uses batteries, make sure it's charged (or replace the batteries with fresh ones). 2 - Update your keyboard's drivers\nUpdate your keyboard's drivers. Most of the time, keyboard issues can be tied to out-of-date drivers or software. You can fix the keyboard by updating the driver or software. The easiest way to ensure your drivers are up to date is by using your computer's update utility:\n- \n- Windows — Open Start, click the Settings gear, click Update & Security, click Windows Update, click Check for updates, and install any available updates.\n- Mac — Open the Apple menu, click App Store..., click the Updates tab, and click UPDATE ALL if it's available.\n- If you have a mechanical keyboard, another way you can update your keyboard's drivers is by going to the keyboard manufacturer's website, finding your model of keyboard, and looking for a driver download. You can then download the keyboard's driver file and double-click it to run it. 3 - Reinstall the keyboard.\nReinstall the keyboard. The easiest way to do this is by shutting down your computer, unplugging and then reattaching the keyboard, and turning back on the computer.[5]\n- X\n- Research source\n- \n- \n- If you have a laptop, skip this step.\n- You can reinstall Bluetooth keyboards by deleting them from the Bluetooth menu and then re-pairing them with your computer."			True
"Is the device for keyboard 's driver connected?"			"0 - Fixing Hardware and Software Issues 1 - Make sure that the keyboard is plugged in properly.\nMake sure that the keyboard is plugged in properly. To avoid software issues, your keyboard should be plugged directly into your computer rather than into a USB hub.[4]\n- X\n- Research source\n- \n- If your keyboard uses batteries, make sure it's charged (or replace the batteries with fresh ones). 2 - Update your keyboard's drivers\nUpdate your keyboard's drivers. Most of the time, keyboard issues can be tied to out-of-date drivers or software. You can fix the keyboard by updating the driver or software. The easiest way to ensure your drivers are up to date is by using your computer's update utility:\n- \n- Windows — Open Start, click the Settings gear, click Update & Security, click Windows Update, click Check for updates, and install any available updates.\n- Mac — Open the Apple menu, click App Store..., click the Updates tab, and click UPDATE ALL if it's available.\n- If you have a mechanical keyboard, another way you can update your keyboard's drivers is by going to the keyboard manufacturer's website, finding your model of keyboard, and looking for a driver download. You can then download the keyboard's driver file and double-click it to run it. 3 - Reinstall the keyboard.\nReinstall the keyboard. The easiest way to do this is by shutting down your computer, unplugging and then reattaching the keyboard, and turning back on the computer.[5]\n- X\n- Research source\n- \n- \n- If you have a laptop, skip this step.\n- You can reinstall Bluetooth keyboards by deleting them from the Bluetooth menu and then re-pairing them with your computer. 4 - Determine which programs aren't working with your keyboard.\nDetermine which programs aren't working with your keyboard. If you notice that specific programs aren't working with your keyboard (e.g., your web browser or Microsoft Word), make a note of those programs.\n- If your keyboard's key or group of keys aren't working with any programs on your computer, skip this step and the next step."			True
"Is the device for keyboard 's driver connected?"			"0 - Fixing Hardware and Software Issues 1 - Make sure that the keyboard is plugged in properly.\nMake sure that the keyboard is plugged in properly. To avoid software issues, your keyboard should be plugged directly into your computer rather than into a USB hub.[4]\n- X\n- Research source\n- \n- If your keyboard uses batteries, make sure it's charged (or replace the batteries with fresh ones). 2 - Update your keyboard's drivers\nUpdate your keyboard's drivers. Most of the time, keyboard issues can be tied to out-of-date drivers or software. You can fix the keyboard by updating the driver or software. The easiest way to ensure your drivers are up to date is by using your computer's update utility:\n- \n- Windows — Open Start, click the Settings gear, click Update & Security, click Windows Update, click Check for updates, and install any available updates.\n- Mac — Open the Apple menu, click App Store..., click the Updates tab, and click UPDATE ALL if it's available.\n- If you have a mechanical keyboard, another way you can update your keyboard's drivers is by going to the keyboard manufacturer's website, finding your model of keyboard, and looking for a driver download. You can then download the keyboard's driver file and double-click it to run it. 3 - Reinstall the keyboard.\nReinstall the keyboard. The easiest way to do this is by shutting down your computer, unplugging and then reattaching the keyboard, and turning back on the computer.[5]\n- X\n- Research source\n- \n- \n- If you have a laptop, skip this step.\n- You can reinstall Bluetooth keyboards by deleting them from the Bluetooth menu and then re-pairing them with your computer. 4 - Determine which programs aren't working with your keyboard.\nDetermine which programs aren't working with your keyboard. If you notice that specific programs aren't working with your keyboard (e.g., your web browser or Microsoft Word), make a note of those programs.\n- If your keyboard's key or group of keys aren't working with any programs on your computer, skip this step and the next step. 5 - Update the program in which you're having trouble.\nUpdate the program in which you're having trouble. This won't always fix the keyboard issues, but if the program isn't completely up to date, updating it won't hurt."			True
"Is the device for keyboard 's driver connected?"			"0 - Fixing Hardware and Software Issues 1 - Make sure that the keyboard is plugged in properly.\nMake sure that the keyboard is plugged in properly. To avoid software issues, your keyboard should be plugged directly into your computer rather than into a USB hub.[4]\n- X\n- Research source\n- \n- If your keyboard uses batteries, make sure it's charged (or replace the batteries with fresh ones). 2 - Update your keyboard's drivers\nUpdate your keyboard's drivers. Most of the time, keyboard issues can be tied to out-of-date drivers or software. You can fix the keyboard by updating the driver or software. The easiest way to ensure your drivers are up to date is by using your computer's update utility:\n- \n- Windows — Open Start, click the Settings gear, click Update & Security, click Windows Update, click Check for updates, and install any available updates.\n- Mac — Open the Apple menu, click App Store..., click the Updates tab, and click UPDATE ALL if it's available.\n- If you have a mechanical keyboard, another way you can update your keyboard's drivers is by going to the keyboard manufacturer's website, finding your model of keyboard, and looking for a driver download. You can then download the keyboard's driver file and double-click it to run it. 3 - Reinstall the keyboard.\nReinstall the keyboard. The easiest way to do this is by shutting down your computer, unplugging and then reattaching the keyboard, and turning back on the computer.[5]\n- X\n- Research source\n- \n- \n- If you have a laptop, skip this step.\n- You can reinstall Bluetooth keyboards by deleting them from the Bluetooth menu and then re-pairing them with your computer. 4 - Determine which programs aren't working with your keyboard.\nDetermine which programs aren't working with your keyboard. If you notice that specific programs aren't working with your keyboard (e.g., your web browser or Microsoft Word), make a note of those programs.\n- If your keyboard's key or group of keys aren't working with any programs on your computer, skip this step and the next step. 5 - Update the program in which you're having trouble.\nUpdate the program in which you're having trouble. This won't always fix the keyboard issues, but if the program isn't completely up to date, updating it won't hurt. 6 - Repair internal laptop connections.\nRepair internal laptop connections. If some of your laptop keys don't register when pressed, there could be a loose internal connection. Unless you have a guide for your model and are comfortable disassembling your laptop yourself, you should seek professional repairs."			True
'Is the device for scanning software connected?'			'0 - Steps'			False
'Is the device for scanning software connected?'			'0 - Steps 1 - Find out how many documents you can feed the scanner at one time.\nFind out how many documents you can feed the scanner at one time.  Some scanners will allow multiple pages to be scanned, while others will only scan one page at a time.\n- ;'			False
'Is the device for scanning software connected?'			"0 - Steps 1 - Find out how many documents you can feed the scanner at one time.\nFind out how many documents you can feed the scanner at one time.  Some scanners will allow multiple pages to be scanned, while others will only scan one page at a time.\n- ; 2 - Make batches to fit the scanner's limits.\nMake batches to fit the scanner's limits.  You want to get the most out of your scanner, the more you can scan at a time the better off you are."			False
'Is the device for scanning software connected?'			"0 - Steps 1 - Find out how many documents you can feed the scanner at one time.\nFind out how many documents you can feed the scanner at one time.  Some scanners will allow multiple pages to be scanned, while others will only scan one page at a time.\n- ; 2 - Make batches to fit the scanner's limits.\nMake batches to fit the scanner's limits.  You want to get the most out of your scanner, the more you can scan at a time the better off you are. 3 - Remove staples, paper clips, tape, or anything binding two or more sheets together.\nRemove staples, paper clips, tape, or anything binding two or more sheets together. You want to make sure that each page is not attached to another page."			False
'Is the device for scanning software connected?'			"0 - Steps 1 - Find out how many documents you can feed the scanner at one time.\nFind out how many documents you can feed the scanner at one time.  Some scanners will allow multiple pages to be scanned, while others will only scan one page at a time.\n- ; 2 - Make batches to fit the scanner's limits.\nMake batches to fit the scanner's limits.  You want to get the most out of your scanner, the more you can scan at a time the better off you are. 3 - Remove staples, paper clips, tape, or anything binding two or more sheets together.\nRemove staples, paper clips, tape, or anything binding two or more sheets together. You want to make sure that each page is not attached to another page. 4 - Now you want to look for folds in the pages.\nNow you want to look for folds in the pages.  Remember, if a page is folded, whatever is under that fold will not be scanned. Make sure all parts of each page are completely visible."			False
'Is the device for scanning software connected?'			"0 - Steps 1 - Find out how many documents you can feed the scanner at one time.\nFind out how many documents you can feed the scanner at one time.  Some scanners will allow multiple pages to be scanned, while others will only scan one page at a time.\n- ; 2 - Make batches to fit the scanner's limits.\nMake batches to fit the scanner's limits.  You want to get the most out of your scanner, the more you can scan at a time the better off you are. 3 - Remove staples, paper clips, tape, or anything binding two or more sheets together.\nRemove staples, paper clips, tape, or anything binding two or more sheets together. You want to make sure that each page is not attached to another page. 4 - Now you want to look for folds in the pages.\nNow you want to look for folds in the pages.  Remember, if a page is folded, whatever is under that fold will not be scanned. Make sure all parts of each page are completely visible. 5 - Check to see that the scanner is turned on and installed properly.\nCheck to see that the scanner is turned on and installed properly."			False
'Is the device for scanning software connected?'			"0 - Steps 1 - Find out how many documents you can feed the scanner at one time.\nFind out how many documents you can feed the scanner at one time.  Some scanners will allow multiple pages to be scanned, while others will only scan one page at a time.\n- ; 2 - Make batches to fit the scanner's limits.\nMake batches to fit the scanner's limits.  You want to get the most out of your scanner, the more you can scan at a time the better off you are. 3 - Remove staples, paper clips, tape, or anything binding two or more sheets together.\nRemove staples, paper clips, tape, or anything binding two or more sheets together. You want to make sure that each page is not attached to another page. 4 - Now you want to look for folds in the pages.\nNow you want to look for folds in the pages.  Remember, if a page is folded, whatever is under that fold will not be scanned. Make sure all parts of each page are completely visible. 5 - Check to see that the scanner is turned on and installed properly.\nCheck to see that the scanner is turned on and installed properly. 6 - Open the appropriate scanning software.\nOpen the appropriate scanning software."			True
'Is the device for scanning software connected?'			"0 - Steps 1 - Find out how many documents you can feed the scanner at one time.\nFind out how many documents you can feed the scanner at one time.  Some scanners will allow multiple pages to be scanned, while others will only scan one page at a time.\n- ; 2 - Make batches to fit the scanner's limits.\nMake batches to fit the scanner's limits.  You want to get the most out of your scanner, the more you can scan at a time the better off you are. 3 - Remove staples, paper clips, tape, or anything binding two or more sheets together.\nRemove staples, paper clips, tape, or anything binding two or more sheets together. You want to make sure that each page is not attached to another page. 4 - Now you want to look for folds in the pages.\nNow you want to look for folds in the pages.  Remember, if a page is folded, whatever is under that fold will not be scanned. Make sure all parts of each page are completely visible. 5 - Check to see that the scanner is turned on and installed properly.\nCheck to see that the scanner is turned on and installed properly. 6 - Open the appropriate scanning software.\nOpen the appropriate scanning software. 7 - That's it.\nThat's it. You are now ready to scan."			True
'Is the device for software file connected?'			'0 - Downloading Software and Drivers'			False
'Is the device for software file connected?'			'0 - Downloading Software and Drivers 1 - Position the webcam as desired on top of your computer.\nPosition the webcam as desired on top of your computer.'			False
'Is the device for software file connected?'			'0 - Downloading Software and Drivers 1 - Position the webcam as desired on top of your computer.\nPosition the webcam as desired on top of your computer. 2 - Navigate to the Logitech Support website at http://support.logitech.com/en_us/category/webcams-and-security.\nNavigate to the Logitech Support website at http://support.logitech.com/en_us/category/webcams-and-security.'			False
'Is the device for software file connected?'			'0 - Downloading Software and Drivers 1 - Position the webcam as desired on top of your computer.\nPosition the webcam as desired on top of your computer. 2 - Navigate to the Logitech Support website at http://support.logitech.com/en_us/category/webcams-and-security.\nNavigate to the Logitech Support website at http://support.logitech.com/en_us/category/webcams-and-security. 3 - Click on “Webcams,” then click on “More” below your webcam model.\nClick on “Webcams,” then click on “More” below your webcam model.'			False
'Is the device for software file connected?'			'0 - Downloading Software and Drivers 1 - Position the webcam as desired on top of your computer.\nPosition the webcam as desired on top of your computer. 2 - Navigate to the Logitech Support website at http://support.logitech.com/en_us/category/webcams-and-security.\nNavigate to the Logitech Support website at http://support.logitech.com/en_us/category/webcams-and-security. 3 - Click on “Webcams,” then click on “More” below your webcam model.\nClick on “Webcams,” then click on “More” below your webcam model. 4 - Click on the “Downloads” tab.\nClick on the “Downloads” tab. The software for your webcam will display on-screen.'			False
'Is the device for software file connected?'			'0 - Downloading Software and Drivers 1 - Position the webcam as desired on top of your computer.\nPosition the webcam as desired on top of your computer. 2 - Navigate to the Logitech Support website at http://support.logitech.com/en_us/category/webcams-and-security.\nNavigate to the Logitech Support website at http://support.logitech.com/en_us/category/webcams-and-security. 3 - Click on “Webcams,” then click on “More” below your webcam model.\nClick on “Webcams,” then click on “More” below your webcam model. 4 - Click on the “Downloads” tab.\nClick on the “Downloads” tab. The software for your webcam will display on-screen. 5 - Select your computer’s operating system from the dropdown menu, then click on “Download.\nSelect your computer’s operating system from the dropdown menu, then click on “Download.”'			False
'Is the device for software file connected?'			'0 - Downloading Software and Drivers 1 - Position the webcam as desired on top of your computer.\nPosition the webcam as desired on top of your computer. 2 - Navigate to the Logitech Support website at http://support.logitech.com/en_us/category/webcams-and-security.\nNavigate to the Logitech Support website at http://support.logitech.com/en_us/category/webcams-and-security. 3 - Click on “Webcams,” then click on “More” below your webcam model.\nClick on “Webcams,” then click on “More” below your webcam model. 4 - Click on the “Downloads” tab.\nClick on the “Downloads” tab. The software for your webcam will display on-screen. 5 - Select your computer’s operating system from the dropdown menu, then click on “Download.\nSelect your computer’s operating system from the dropdown menu, then click on “Download.” 6 - Select the option to save the software file to your desktop.\nSelect the option to save the software file to your desktop.'			False
'Is the device for software file connected?'			'0 - Downloading Software and Drivers 1 - Position the webcam as desired on top of your computer.\nPosition the webcam as desired on top of your computer. 2 - Navigate to the Logitech Support website at http://support.logitech.com/en_us/category/webcams-and-security.\nNavigate to the Logitech Support website at http://support.logitech.com/en_us/category/webcams-and-security. 3 - Click on “Webcams,” then click on “More” below your webcam model.\nClick on “Webcams,” then click on “More” below your webcam model. 4 - Click on the “Downloads” tab.\nClick on the “Downloads” tab. The software for your webcam will display on-screen. 5 - Select your computer’s operating system from the dropdown menu, then click on “Download.\nSelect your computer’s operating system from the dropdown menu, then click on “Download.” 6 - Select the option to save the software file to your desktop.\nSelect the option to save the software file to your desktop. 7 - Navigate to your desktop and double-click on the software file.\nNavigate to your desktop and double-click on the software file. The Logitech installation wizard will display on-screen.'			True
'Is the device for software file connected?'			'0 - Downloading Software and Drivers 1 - Position the webcam as desired on top of your computer.\nPosition the webcam as desired on top of your computer. 2 - Navigate to the Logitech Support website at http://support.logitech.com/en_us/category/webcams-and-security.\nNavigate to the Logitech Support website at http://support.logitech.com/en_us/category/webcams-and-security. 3 - Click on “Webcams,” then click on “More” below your webcam model.\nClick on “Webcams,” then click on “More” below your webcam model. 4 - Click on the “Downloads” tab.\nClick on the “Downloads” tab. The software for your webcam will display on-screen. 5 - Select your computer’s operating system from the dropdown menu, then click on “Download.\nSelect your computer’s operating system from the dropdown menu, then click on “Download.” 6 - Select the option to save the software file to your desktop.\nSelect the option to save the software file to your desktop. 7 - Navigate to your desktop and double-click on the software file.\nNavigate to your desktop and double-click on the software file. The Logitech installation wizard will display on-screen. 8 - Follow the on-screen instructions to install the software and drivers for the Logitech webcam on your computer.\nFollow the on-screen instructions to install the software and drivers for the Logitech webcam on your computer. The installation wizard will guide you through the process.'			True
'Is the device for software file connected?'			'0 - Downloading Software and Drivers 1 - Position the webcam as desired on top of your computer.\nPosition the webcam as desired on top of your computer. 2 - Navigate to the Logitech Support website at http://support.logitech.com/en_us/category/webcams-and-security.\nNavigate to the Logitech Support website at http://support.logitech.com/en_us/category/webcams-and-security. 3 - Click on “Webcams,” then click on “More” below your webcam model.\nClick on “Webcams,” then click on “More” below your webcam model. 4 - Click on the “Downloads” tab.\nClick on the “Downloads” tab. The software for your webcam will display on-screen. 5 - Select your computer’s operating system from the dropdown menu, then click on “Download.\nSelect your computer’s operating system from the dropdown menu, then click on “Download.” 6 - Select the option to save the software file to your desktop.\nSelect the option to save the software file to your desktop. 7 - Navigate to your desktop and double-click on the software file.\nNavigate to your desktop and double-click on the software file. The Logitech installation wizard will display on-screen. 8 - Follow the on-screen instructions to install the software and drivers for the Logitech webcam on your computer.\nFollow the on-screen instructions to install the software and drivers for the Logitech webcam on your computer. The installation wizard will guide you through the process. 9 - Connect the webcam to your computer via USB when prompted to by the installation wizard.\nConnect the webcam to your computer via USB when prompted to by the installation wizard. Your Logitech webcam is now ready for use.'			True
